<?xml version="1.0" encoding="UTF-8"?>
<templates id="template" xml:space="preserve">

    <t t-name="Orderline" t-inherit="point_of_sale.Orderline" t-inherit-mode="extension" owl="1">
        <xpath expr="//li[hasclass('orderline')]" position="replace">
            <li t-on-click="selectLine" class="orderline" t-att-class="addedClasses">
                <div class="row" style="display: flex; align-items: center;">
                    <div class="col" style="display: flex; align-items: center;">
                        <t t-if="env.pos.config.allow_image_on_orderline">
                            <span class="orderline-product-img" style="width: 55px; height: 55px; display: flex; align-items: center; justify-content: center;">
                                <img t-attf-src="/web/image?model=product.product&amp;field=image_128&amp;id={{ props.line.get_product().id }}&amp;unique=1" style="max-width: 100%; max-height: 100%;">
                            </span>
                        </t>
                    </div>
                    <div class="col" style="width: calc(100% - 55px); margin-left: 5px; border-left: 1px solid #ccc; padding-left: 5px;">
                        <span class="product-name">
                            <t t-esc="props.line.get_full_product_name()"/>
                            <span> </span>
                            <t t-if="props.line.get_product().tracking!=='none' &amp;&amp; (env.pos.picking_type.use_create_lots || env.pos.picking_type.use_existing_lots)">
                                <t t-if="props.line.has_valid_product_lot()">
                                    <i  t-on-click.stop="lotIconClicked"
                                        class="oe_link_icon fa fa-list oe_icon line-lot-icon oe_green"
                                        aria-label="Valid product lot"
                                        role="img"
                                        title="Valid product lot"
                                    />
                                </t>
                                <t t-else="">
                                    <i  t-on-click.stop="lotIconClicked"
                                        class="oe_link_icon fa fa-list oe_icon line-lot-icon oe_red"
                                        aria-label="Invalid product lot"
                                        role="img"
                                        title="Invalid product lot"
                                    />
                                </t>
                            </t>
                        </span>
                        <span class="price" style="position: absolute;right: 10px;">
                            <t t-esc="env.pos.format_currency(props.line.get_display_price())"/>
                        </span>
                        <ul class="info-list">
                            <t t-if="props.line.get_quantity_str() !== '1' || props.line.selected ">
                                <li class="info">
                                    <em>
                                        <t t-esc="props.line.get_quantity_str()" />
                                    </em>
                                    <span> </span><t t-esc="props.line.get_unit().name" />
                                    at
                                    <t t-if="props.line.display_discount_policy() == 'without_discount' and
                                        env.pos.round_decimals_currency(props.line.get_unit_display_price()) &lt; env.pos.round_decimals_currency(props.line.get_taxed_lst_unit_price())">
                                        <s>
                                            <t t-esc="env.pos.format_currency(props.line.get_taxed_lst_unit_price(),'Product Price')" />
                                        </s>
                                        <t t-esc="env.pos.format_currency(props.line.get_unit_display_price(),'Product Price')" />
                                    </t>
                                    <t t-else="">
                                        <t t-esc="env.pos.format_currency(props.line.get_unit_display_price(),'Product Price')" />
                                    </t>
                                    /
                                    <t t-esc="props.line.get_unit().name" />
                                </li>
                            </t>
                            <t t-if="props.line.get_discount_str() !== '0'">
                                <li class="info">
                                    With a
                                    <em>
                                        <t t-esc="props.line.get_discount_str()" />%
                                    </em>
                                    discount
                                </li>
                            </t>
                            <t t-if="customerNote">
                                <li class="info orderline-note">
                                    <i class="fa fa-sticky-note" role="img" aria-label="Customer Note" title="Customer Note"/>
                                    <t t-esc="customerNote" />
                                </li>
                            </t>
                        </ul>
                        <t t-if="props.line.pack_lot_lines">
                            <ul class="info-list">
                                <t t-foreach="props.line.get_lot_lines()" t-as="lot" t-key="lot.cid">
                                    <li>
                                        SN <t t-esc="lot.lot_name"/>
                                    </li>
                                </t>
                            </ul>
                        </t>
                    </div>
                </div>
            </li>
        </xpath>
    </t>
</templates>
